star_id,kepid,sde,snr,period,depth_ppm,duration_hours,n_transits_expected,n_in_transit_points,odd_even_ratio,odd_even_diff_sig,sec_depth_ratio,quarter_recurrence,scatter_ppm,scatter_mad_ppm,depth_to_scatter,radius_ratio,alias_ratio_half,alias_ratio_double,alias_ratio_triple,label,injected,period_days,depth_ppm_true,has_planet
KIC_10002867,10002867,18.67351029915715,143.30516726235797,183.6671741192332,3841.9665184519486,4.800000000000001,7,65,0.0,8.906009643796056,0.10452961864161349,0.4117647058823529,487.21165038594324,216.27397069393115,17.76435003308402,0.06198359878590423,0.531392129649586,1.7243715213258164,0.7949544786803735,0,0.0,,,0
KIC_10006971,10006971,26.579141349888527,273.3728153575382,360.1317465987218,18880.454960606472,4.800000000000001,4,25,0.328872239282159,5.278874657224671,0.0005956536320673014,0.17647058823529413,1610.6451534644843,345.4613809196643,54.65286716085075,0.13740616784048112,0.46417239486084444,1.049878582304038,1.4952688172036517,0,0.0,,,0
KIC_10057494,10057494,18.47776722859592,145.36430857172564,245.13413128097343,1820.9943860708302,4.800000000000001,5,48,0.0,0.10119108596919658,0.0,0.3333333333333333,235.9146850636643,86.80924750685483,20.976963150464318,0.042673110808456774,0.32982589925924094,0.7310473427458574,3.690214904893437,1,0.0,,,1
KIC_10058491,10058491,10.451244635171697,0.0,289.7761216779129,18281.863077810336,1.2000000000000002,5,3,1.0,0.0,0.0,0.05555555555555555,418.4195289002919,118.53536178612316,154.231301126805,0.13521043997343674,0.33870706025248687,1.0,1.6827122031378174,0,1.0,211.75013,204.8,1
KIC_10089175,10089175,17.42337114639398,118.2795023939533,360.1789228550308,4445.411913977298,4.800000000000001,4,25,0.10972327251670706,7.440312469858993,0.000578216894354081,0.21428571428571427,329.0559910526645,187.95720385286427,23.651191988667982,0.06667392229333219,0.42732457012363456,1.4760204653035984,0.7814091548403042,0,1.0,53.02054,1569.3,1
KIC_10094670,10094670,18.122732282783016,102.93290491181514,245.16627475008093,3379.0235216925103,4.800000000000001,5,29,10.0,4.416166095859168,0.0,0.2857142857142857,337.2376859454474,176.86234767146902,19.105386568594135,0.05812936883961936,0.5053299922409182,0.9642878870582926,1.8103747532482588,1,0.0,,,1
KIC_10097171,10097171,14.864365515381564,0.0,399.9866444073456,49867.861536906225,1.2000000000000002,3,3,1.0,0.0,0.0,0.07142857142857142,1101.118180295287,240.25885510881392,207.55889107321738,0.22331113169053224,0.3052377791003894,1.172311108230997,1.5252552081904385,0,1.0,34.35217,202.2,1
KIC_10189884,10189884,21.74730967431833,179.67475844970807,245.13413128097343,5511.673376191999,4.800000000000001,5,55,1.2522542497140265,0.021425501464682563,0.0,0.35294117647058826,577.9415534815073,227.62927079528944,24.213377115057988,0.07424064504159429,0.31693046081620446,0.6427767877744293,2.848751632546662,0,1.0,212.60172,139.7,1
KIC_10190481,10190481,14.880946229071537,169.3407064134935,169.62901048996662,6030.821333296818,4.800000000000001,8,34,0.0,4.027774459548936,0.04781590891342411,0.23529411764705882,535.4772442578869,207.7085225026956,29.03502109894673,0.07765836293211967,0.28680250332096685,1.8151144163127002,3.3685020654096722,0,0.0,,,0
KIC_10208470,10208470,19.377520329879122,162.22462537616568,399.74624373956595,11670.868306565504,4.800000000000001,3,13,1.0,0.0,0.005608501234926691,0.11764705882352941,817.7807001819737,259.45423859274666,44.982376737674834,0.10803179303596468,0.3144899845839419,1.4653568590261528,1.4653568590261528,0,0.0,,,0
KIC_10252901,10252901,12.663745295842775,359.4973711453411,398.3839732888147,21824.644355498,4.800000000000001,3,10,1.0,0.0,0.00032381586078274286,0.058823529411764705,833.0307366880356,192.04266584398596,113.64476877876804,0.14773166334776713,0.31976949435381696,1.2564835997676311,1.2564835997676311,0,0.0,,,0
KIC_10266195,10266195,27.53530749738214,65.20689892674,61.61243268924296,1134.0128521145139,4.800000000000001,23,172,0.35913602860571997,0.10891204078155005,0.08327711102917894,0.8235294117647058,425.59507792454536,228.1482618596906,4.970508400418685,0.033675107306651804,0.5161319807421958,1.028611076423593,2.0016155244127036,0,1.0,7.23434,413.6,1
KIC_10322913,10322913,11.286127841134123,241.7548927723637,398.4106844741235,18925.543759885888,4.800000000000001,3,9,1.0,0.0,0.0,0.058823529411764705,636.2985869460834,234.86407171234978,80.5808381925056,0.13757014123670108,0.20184522434857183,1.1783266179626262,1.1783266179626262,0,0.0,,,0
KIC_10360825,10360825,15.271973464296936,134.44709249067614,95.74581513235347,3036.4410675844524,4.800000000000001,15,91,0.6107941853233703,0.016524282659170667,0.06575773280719602,0.7857142857142857,761.6669440232575,215.50988427178382,14.089567528861627,0.05510391154522928,0.4668367508848609,1.6546302596952054,1.1013718935410113,0,1.0,11.03359,1265.8,1
KIC_10385248,10385248,8.566021212432682,350.96245374749105,246.46532517623416,15005.445667570953,4.800000000000001,5,24,1.0,8.755913026243391,0.0,0.17647058823529413,927.8920409965432,209.47477263043032,71.63366489980434,0.1224967169665006,0.19690699393158764,2.4324606568952265,2.4324606568952265,0,0.0,,,0
KIC_10417251,10417251,10.93130024041019,171.72636352895398,351.21543415632345,6789.302105489045,4.800000000000001,4,8,1.0,0.0,0.0,0.06666666666666667,215.79968968472087,111.85730020718016,60.69610202386448,0.08239722146704369,0.20041000213380974,1.0,1.0,0,1.0,212.61884,192.5,1
KIC_10532112,10532112,19.309931278619594,97.53654455092584,276.6857692020885,2782.660405774012,4.800000000000001,5,25,0.6794820708933457,2.9503848862794895,0.0,0.16666666666666666,217.43197566958258,142.69425273241663,19.500858321127463,0.05275092800865224,0.4342992311503424,0.8148059268797339,0.7990996745572005,0,1.0,43.84535,627.1,1
KIC_10556590,10556590,11.132657219814066,626.2853630022809,351.14466977186,46172.60054449132,4.800000000000001,4,8,1.0,0.0,0.0005382299125716174,0.07142857142857142,1492.5604482668282,208.5543221430448,221.39364013190823,0.2148781062474521,0.2464588011363374,1.1113129236138901,1.1113129236138901,0,1.0,387.75332,127.7,1
KIC_10578148,10578148,22.276795829653402,314.0507181781228,398.4908180300501,16053.57711624978,9.600000000000001,3,9,1.0,0.0,0.0017062027413600838,0.05555555555555555,523.7649310241537,153.37742178346107,104.66714676501925,0.12670271155839474,0.2549561507653181,1.0,1.0,0,1.0,27.94907,133.1,1
KIC_10581308,10581308,16.30542864830895,196.23808284815044,245.13413128097343,4779.733445625632,4.800000000000001,5,54,0.6864428683667482,0.01989362330206884,0.0,0.35294117647058826,588.2688724528223,179.02814365770485,26.698223798624113,0.06913561633214556,0.3935706862372362,1.000118342979203,2.8684073603427396,1,0.0,,,1
KIC_10615440,10615440,30.606976073712403,358.3550788401718,360.1789228550308,10068.203674581684,4.800000000000001,4,23,0.3171497195409282,5.501353635164803,0.0004726014522005779,0.21428571428571427,558.7596944699219,134.79535939568245,74.69250959172243,0.10034043887975418,0.39971194131318005,1.1997161536737477,0.7192958425795911,1,0.0,,,1
KIC_10651431,10651431,13.116457058086956,552.15640111856,258.44186038469945,32316.220324800455,4.800000000000001,5,14,10.0,11.445204015639005,0.0017667670690091864,0.14285714285714285,1123.2918571310918,219.0578144235151,147.52370468885414,0.17976712804292239,0.2821983517148262,1.5593645114600962,1.5593645114600962,0,1.0,7.12745,482.0,1
KIC_10657406,10657406,12.978279676101302,114.39999063293423,321.63053209975317,2838.7101193980034,4.800000000000001,4,45,1.0,11.509907256449795,0.0,0.29411764705882354,364.16038743149306,166.53521626817889,17.045704704443445,0.05327954691434607,0.5182122870392586,2.4435269484919586,2.7886357358628846,1,0.0,,,1
KIC_10722020,10722020,12.280920455552065,91.34990977419228,316.2029706729409,2591.285407395109,4.800000000000001,4,38,0.01720767368578895,5.755729245068002,0.004221764098311314,0.23529411764705882,277.1402796791535,174.98701329304717,14.808444116110127,0.050904669799489995,0.5321069154856379,1.2895568886414357,1.3275272686099715,0,1.0,98.20054,159.3,1
KIC_10745115,10745115,41.219179590972125,1233.3326803940315,92.75499712479105,14238.725493404356,4.800000000000001,15,61,1.0,2.422072265909977,0.05031344819583706,0.4666666666666667,1319.1583918223287,90.2704246130081,157.73411451697697,0.119326130807147,0.39268759562285843,1.1856022849300278,0.6405664860073862,0,0.0,,,0
KIC_10779094,10779094,11.673832425176638,230.84693577499152,291.22906479171934,7744.2617475411125,4.800000000000001,5,19,0.0027611875504901487,9.985329863091676,0.0,0.1111111111111111,448.18106569313943,146.26958237206378,52.94512790664944,0.08800148718937148,0.31335947560322563,1.8933219840586009,1.8933219840586009,0,1.0,44.12205,196.0,1
KIC_10848334,10848334,39.076772693314346,222.22071618093108,215.27906731090624,7381.535722377207,4.800000000000001,6,10,1.0,0.0,0.0010558153824176497,0.06666666666666667,257.3978938480293,105.08263782260155,70.24505546614247,0.08591586420665981,0.16513542331534037,1.0,1.0,0,1.0,32.64337,240.3,1
KIC_10877233,10877233,8.714318873466295,122.56243659105962,191.44218310783583,6398.565795682832,4.800000000000001,7,12,1.0,0.0,0.0,0.07142857142857142,351.6045054989865,180.89069138122744,35.37255425818371,0.07999103572077831,0.15088280261064912,1.3331609203231807,1.088527316723663,0,1.0,104.75337,1558.9,1
KIC_10904004,10904004,13.347856539762718,122.52580570317049,215.23599857682385,6107.539402216849,4.800000000000001,6,32,10.0,7.743584450728934,0.03179176872509188,0.23529411764705882,651.1921705361617,282.05995621487443,21.653337411582452,0.07815074793126967,0.3348769637244151,2.3143527735378413,1.1443276246405338,1,0.0,,,1
KIC_10911073,10911073,9.841123934885646,101.27258449414816,128.75605977911906,2202.035758785779,4.800000000000001,11,63,1.314483060909086,0.01377007636914084,0.0,0.5,365.79478292635713,172.58631467972992,12.759040384355606,0.04692585384184052,0.3648152121748728,0.9950317501300027,0.7619679245918378,0,1.0,249.75851,157.5,1
KIC_10917136,10917136,17.111118876633835,162.5972552627435,95.74581513235347,2244.67554559624,4.800000000000001,15,120,0.18092282194672676,0.08008377308616696,0.2760532359485224,0.7647058823529411,545.1331555264557,151.37447233990355,14.82862672218561,0.04737800698210342,0.511719112269619,2.1710982252149575,0.8362089380289474,0,1.0,5.3758,856.3,1
KIC_10924064,10924064,7.425198537276617,359.7826280151372,334.6922834663225,18733.447397770396,4.800000000000001,4,8,1.0,0.0,0.00038666151217582926,0.058823529411764705,429.22939454267424,147.31203850450248,127.16847576036919,0.1368701844733556,0.16925624846902546,1.0,1.0,0,0.0,,,0
KIC_10928043,10928043,14.631284247916723,59.323393453175306,59.76033051423433,481.459863383072,4.800000000000001,24,199,0.9943375167327585,0.00018600968898435912,0.0,1.0,241.8720085563993,114.54244537787524,4.203331453198307,0.021942193677549016,0.3807016405177569,0.6332231894360636,0.9820616263642551,1,0.0,,,1
KIC_11017397,11017397,35.011239946002476,207.25000717075022,215.27906731090624,9837.49051771082,4.800000000000001,6,9,1.0,0.0,0.0,0.06666666666666667,348.73342416570796,142.45173851355295,69.0584096786918,0.09918412432295211,0.2556419357840433,0.9876906267606498,1.0,0,0.0,,,0
KIC_11017901,11017901,15.516083128253229,229.58255564418147,237.96613767000383,5306.013396651468,4.800000000000001,6,31,10.0,3.8241445060786936,0.0,0.26666666666666666,567.118460913337,128.6886712993449,41.23139467583017,0.07284238736238309,0.555526829219948,0.5707794756643321,0.6768034779104066,1,0.0,,,1
KIC_11075737,11075737,10.214990717594274,136.27686814889597,398.4908180300501,4268.89976029067,9.600000000000001,3,10,1.0,0.0,0.0,0.06666666666666667,227.06115955809685,99.09635920633285,43.07827042769763,0.06533681780046126,0.35987065159382137,1.0,1.7828472912164648,1,0.0,,,1
KIC_11122894,11122894,21.13292003471071,148.85471959018022,245.13413128097343,5099.030137865502,4.800000000000001,5,50,0.801005017983941,0.019928673493815167,0.0,0.35294117647058826,619.8737080681306,242.3157491379914,21.042916756358913,0.0714074935694112,0.5200402539169128,0.7232090828589369,2.916344171567652,1,0.0,,,1
KIC_11125797,11125797,18.275433016142454,242.42087657311126,398.4373956594324,12747.246338569692,9.600000000000001,3,10,1.0,0.0,0.0,0.07142857142857142,556.5364258149401,166.33056480982705,76.63802713075718,0.11290370383016533,0.3864492892738472,1.0,1.6653627333643308,1,0.0,,,1
KIC_11125992,11125992,23.66913679145908,229.32846960437334,188.18136823572527,7369.4998160961595,4.800000000000001,7,20,1.5773325217545549,2.266208602212766,0.0,0.2,365.5368733694055,143.7558170233497,51.26401121492816,0.08584579090494862,0.28380269658231383,0.7083310405046392,0.7083310405046392,0,0.0,,,0
KIC_11139692,11139692,27.707195933501918,172.15705205252857,398.4106844741235,9663.576484807918,4.800000000000001,3,10,1.0,0.0,0.01082733778884379,0.058823529411764705,395.6185876972206,177.56058793090287,54.424107271870874,0.09830349172235907,0.2513680970416996,1.0,1.0,0,0.0,,,0
KIC_11153121,11153121,16.389393425291992,129.4493372574938,166.17135996858167,4226.311397712931,4.800000000000001,8,51,1.501446520039904,0.022884081421081517,0.0,0.5,626.6429317889597,233.15544833130483,18.126582192098322,0.06501008689205799,0.49704332942187535,0.6703045166287417,0.8935439873094724,1,0.0,,,1
KIC_11196226,11196226,7.581622487972047,353.3116252688082,201.63428672955598,5042.389017052419,4.800000000000001,7,40,0.0,4.785139592236243,1.7993567055183972,0.2777777777777778,494.40323492637015,90.27727170741625,55.8544683693425,0.07100978113649146,0.4148104170257531,2.515279896283856,2.369191954399546,0,0.0,,,0
KIC_11290469,11290469,21.91839095682366,107.7333260044939,399.50584307178633,6659.254411560327,4.800000000000001,3,9,1.0,0.0,0.006707093092759058,0.07692307692307693,317.8045280509955,185.49980636882424,35.89898308745354,0.08160425486186566,0.5496637444946105,1.0,1.0,0,1.0,20.60591,139.5,1
KIC_11355925,11355925,9.989997639816298,247.4253801852693,399.9332220367279,12058.082736210126,4.800000000000001,3,18,1.0,9.590033322658945,0.0028981870156163823,0.11764705882352941,550.0240500486993,206.79490136672857,58.30938121064412,0.10980930168346453,0.34170115497217146,1.8042246075392057,1.8042246075392057,1,0.0,,,1
KIC_11359056,11359056,30.64148501665921,1335.6093797683482,360.15533472687633,26639.381805012486,4.800000000000001,4,27,0.3211017682326551,4.825033190827536,0.0002689502718792818,0.16666666666666666,1003.1618541480238,103.66216858980943,256.982679095055,0.16321575231886318,0.4395139484262663,1.074884553627724,0.5929676246171306,0,0.0,,,0
KIC_11361646,11361646,14.012468390176434,124.17825281750089,245.15020301552718,3232.641498774439,4.800000000000001,5,56,1.627954041776055,0.06340292383941334,0.0,0.35294117647058826,438.2139768308608,194.84583483236125,16.59076521474372,0.05685632329630926,0.43202851323524055,0.8877393023187655,2.920715588042528,1,0.0,,,1
KIC_11446443,11446443,1280.6803093962926,4711.120842012318,4.941297507118477,11264.592606450822,1.2000000000000002,297,472,0.999892292791265,0.0049604818753364276,1.0082625762045687,1.0,1790.7511558806175,52.53710220492265,214.41214177578578,0.10613478509165043,0.006110365439391898,0.5013700334604019,0.340280141668172,1,0.0,,,1
KIC_11453791,11453791,7.900214865699734,414.9074925863109,338.28022218444204,14012.328214968078,4.800000000000001,4,18,10.0,11.321405189728223,0.00012119793162231644,0.11764705882352941,651.7804273763622,143.30576145691188,97.7792384096239,0.11837368041489661,0.3253130505583299,1.989553003099252,1.989553003099252,0,0.0,,,0
KIC_11495513,11495513,9.820783941974835,277.7241488134516,398.4106844741235,10590.164986094574,4.800000000000001,3,9,1.0,0.0,0.0020208370497992144,0.06666666666666667,515.9933840530404,114.43019587147748,92.546944496966,0.10290852727589961,0.3779853998096549,1.0,1.4349892157957698,0,0.0,385.23939,1143.7,0
KIC_11658776,11658776,13.157163568729002,320.88682011547263,313.73205749419765,20756.04010734502,4.800000000000001,4,10,1.0,0.0,0.002021682406770214,0.058823529411764705,728.8486328482335,204.54858648769795,101.47242014108633,0.14406956690205264,0.2628684137037411,1.2487814356581788,1.3525523882242803,0,0.0,,,0
KIC_11666881,11666881,42.490692891867326,83.07218950089896,4.919537202820083,233.07939981480357,4.800000000000001,298,2317,1.0222857472982296,0.42382107494413906,0.04058714732875622,1.0,355.77775051368593,140.14473599607965,1.663133460976541,0.015266938128347923,0.03265387884817947,0.519338289283462,0.36513625457162113,1,0.0,,,1
KIC_11713414,11713414,19.70888350309071,102.11846074493933,245.15020301552718,1190.5883772666527,4.800000000000001,5,55,0.7510650538335047,0.03871211389506254,0.0,0.3333333333333333,172.83157308936296,86.49060366197753,13.765522806612713,0.03450490366986485,0.5679079848648954,0.6467248832088748,3.004012996732338,0,1.0,12.5251,128.8,1
KIC_11760235,11760235,37.971990415244186,298.16617784041955,398.46410684474125,23433.763739745038,9.600000000000001,3,9,1.0,0.0,0.004769143635605736,0.058823529411764705,812.5626214442038,235.824661114629,99.36943672042177,0.1530809058627007,0.25982137041660547,1.0,1.0,0,0.0,,,0
KIC_11766750,11766750,22.76033864864182,125.11524102456708,280.9819923048738,4440.806444726082,4.800000000000001,5,44,1.0,11.531799524118759,0.04705652121573178,0.29411764705882354,448.4952563474769,235.54662654057128,18.85319484276793,0.06663937608295926,0.5754111942596583,2.204168376353237,0.688094620989816,0,0.0,,,0
KIC_11803247,11803247,24.072497908640774,315.1689441981721,122.71415375116517,18700.757648429095,2.4000000000000004,11,18,1.1284268126058088,0.21079413027301785,0.0,0.21428571428571427,1124.3418046173078,251.81436270074124,74.2640628114341,0.1367507135207312,0.3805179279001079,0.5467951863498016,2.496033363421439,0,0.0,,,0
KIC_11904011,11904011,26.050680016621854,280.80302955189916,398.4106844741235,15737.198515074324,4.800000000000001,3,9,1.0,0.0,0.0,0.06666666666666667,569.7218742816748,168.18637482111023,93.56999656965695,0.12544799127556536,0.3045601672592094,1.0,1.0,0,0.0,,,0
KIC_11908749,11908749,15.212421679524953,294.1325660876876,398.4106844741235,17562.826325253147,4.800000000000001,3,9,1.0,0.0,0.006240577434524962,0.058823529411764705,680.9660890670157,179.1495190470131,98.03445981143965,0.13252481399818355,0.29612353671964164,1.3384434600685415,1.3384434600685415,0,0.0,,,0
KIC_11953957,11953957,33.602250890004036,287.45041710268595,215.3077798002945,7515.98530824827,9.600000000000001,6,9,1.0,0.0,0.0,0.06666666666666667,259.4919010270801,78.45926405176307,95.79474647238138,0.08669478247419662,0.14537780912699919,1.0,1.0,0,0.0,,,0
KIC_12053194,12053194,27.25473416095279,454.9165156961949,215.32213604498864,21377.100754992916,9.600000000000001,6,10,1.0,0.0,0.00014150375041113375,0.06666666666666667,680.7245286345694,148.60448068892168,143.85232972713828,0.14620909942610588,0.14683274556313466,1.0,1.0,0,0.0,,,0
KIC_12055539,12055539,13.353146210469795,249.22077275071297,193.64736460516497,10956.534845252136,4.800000000000001,7,37,10.0,3.8612144313128294,0.0,0.29411764705882354,1045.7403537534237,267.4984843988325,40.95924083411351,0.10467346772345003,0.34108914674494795,0.7905595031129993,1.1186754671593646,1,0.0,,,1
KIC_12066128,12066128,28.579782500806516,178.75999811230776,115.92763988193285,2990.202140132483,4.800000000000001,12,102,0.0,0.16447386073879752,0.1628688824797474,0.6470588235294118,579.6898476118971,169.02831251907605,17.69054009691434,0.05468274078841041,0.5195060534327497,1.7643689999236303,1.0707165923695523,0,1.0,19.60373,523.6,1
KIC_12067363,12067363,24.06580166183612,116.0015563594294,98.95882560082516,2887.352303741348,4.800000000000001,14,118,0.2732779297519837,0.11340617955533883,0.03865743149187907,0.7647058823529411,647.5889872858291,270.5882216874617,10.670650354753189,0.053734088842571325,0.4894164876674933,1.90424979452475,0.7199710870486544,0,0.0,,,0
KIC_12109421,12109421,17.99857996069707,287.7559605201183,398.4106844741235,15563.177804515624,4.800000000000001,3,9,1.0,0.0,0.006134035966951785,0.05555555555555555,636.4309948683938,162.30685230973546,95.88737371861481,0.12475246612598737,0.41309630760081373,1.0412046346834238,1.0412046346834238,0,1.0,7.03591,231.1,1
KIC_12215240,12215240,30.520924539598536,135.3964270089941,398.4106844741235,10741.778035120053,4.800000000000001,3,9,1.0,0.0,0.0,0.058823529411764705,557.1692312593401,238.05083331089858,45.123883356001954,0.10364254934687805,0.35422343314130333,1.0,1.3697968165501293,0,0.0,,,0
KIC_12300524,12300524,15.726755446001013,524.5873575968042,378.3834886942735,25259.33197360075,4.800000000000001,3,10,1.0,0.0,6.346650258025606e-05,0.05555555555555555,748.1240717781362,152.25475505377295,165.90176093140553,0.15893184694579232,0.21960468080896742,1.0,1.0,1,0.0,,,1
KIC_12457730,12457730,19.478135408963322,132.83449036028156,92.75499712479105,3775.1230990711542,4.800000000000001,15,75,10.0,2.3254788123589774,0.0,0.4117647058823529,583.6636076763482,246.42815727038072,15.319365858541452,0.06144203039508992,0.37919151914460364,0.5431659054509816,0.8164895823111814,0,0.0,,,0
KIC_1719974,1719974,22.008355392126123,647.989296692527,249.0095697636081,8618.993446831093,4.800000000000001,5,43,10.0,1.5845741123605448,0.0,0.2777777777777778,741.6433322437591,87.28292318203295,98.74776339531785,0.09283853427769685,0.5293507916649188,0.7462210701036283,2.724953850976302,0,1.0,11.94067,401.0,1
KIC_1724719,1724719,14.516404133886583,190.8828752849868,319.05402434072164,7854.583291109043,4.800000000000001,4,34,1.0,6.164169919879138,0.0,0.23529411764705882,877.4015490813229,240.04323727937688,32.72153542058509,0.08862608696715117,0.428989139754502,2.0436528796815217,2.0409483478849806,1,0.0,,,1
KIC_1849415,1849415,11.718228476034927,515.5970335716139,215.40827351315346,21873.179626090845,2.4000000000000004,6,9,1.0,0.0,0.0,0.1111111111111111,1094.3538694822212,127.31363193154314,171.80547985507246,0.14789584046243778,0.2698560637661972,1.9837214990631242,1.3961178669261853,0,0.0,,,0
KIC_2301527,2301527,14.69238361862663,693.8260127650384,193.67330791689824,26351.088112536323,4.800000000000001,7,43,10.0,2.417996366580782,0.07461314534297754,0.29411764705882354,2285.9224029058955,249.15630840662837,105.76127203462491,0.16233018238311792,0.41611950633821976,0.7864501385845388,1.2503190124378911,0,0.0,,,0
KIC_2441876,2441876,12.350911710553122,501.6849107398506,399.4524207011686,13090.099924769027,4.800000000000001,3,20,10.0,11.043105098631603,0.006736105320040241,0.16666666666666666,737.4604069822309,116.73480180565316,112.13536770775677,0.11441197456896296,0.461628707571175,2.116670912416535,2.136752078828695,0,0.0,,,0
KIC_2445665,2445665,21.992717438679982,475.1703309932114,280.96287463232375,9169.617972745258,4.800000000000001,5,42,10.0,11.990076233499359,0.0,0.2777777777777778,872.0201510678384,125.11734623107046,73.28814308297855,0.0957581222285883,0.6072074174126166,2.329759942421179,0.9657401396356985,0,0.0,,,0
KIC_2572793,2572793,31.627020177189642,353.58741519895443,95.74581513235347,8861.351080335713,4.800000000000001,15,120,0.2552612406590597,0.017409789009868275,0.6065953428226627,0.8235294117647058,1705.4166494282244,274.60797451276636,32.26909595782243,0.09413474958980723,0.5114775234286624,2.1065210959043528,0.8382193778102446,0,1.0,12.0162,1339.0,1
KIC_2574376,2574376,32.875964842062324,385.2679270719585,59.76033051423433,3823.158841990694,4.800000000000001,24,192,1.0,0.0018899071070672263,0.0,0.9444444444444444,1215.1300836324185,137.5454609213742,27.79560166057494,0.061831697712344064,0.5204494934718898,0.5376471832318808,1.2416334886299287,0,0.0,,,0
KIC_2715251,2715251,16.103112678874588,126.54130105386538,138.89427744127133,4099.886363941396,4.800000000000001,10,80,1.0,0.34793694134789227,0.0,0.5294117647058824,1058.9814574060154,289.76863399602524,14.148827315787512,0.06403035501964202,0.41501962564982947,2.245432933306494,1.7618280270916742,0,1.0,19.56491,736.9,1
KIC_2716664,2716664,34.206817639064575,330.1280257201912,398.4106844741235,23288.94885676697,4.800000000000001,3,9,1.0,0.0,0.002596719081705344,0.058823529411764705,857.1320395708275,211.66950132975757,110.0250565644097,0.15260717170817029,0.24834283273188612,1.0,1.0,0,0.0,,,0
KIC_2718136,2718136,35.39342525556693,164.26146979669804,399.3188647746244,7875.273062916299,4.800000000000001,3,34,4.63883852423063,7.390363183995131,0.0022468929341041637,0.23529411764705882,779.7626094039899,279.6280055719882,28.16339174185065,0.08874273526839421,0.539072718298433,1.1905529591023252,0.717094076358003,0,1.0,81.20433,234.0,1
KIC_2853446,2853446,16.446818038331315,542.3013708478197,95.74581513235347,10302.298018265063,4.800000000000001,15,113,0.0,0.037611783844536,0.0,0.8235294117647058,2322.3430977823646,202.09342628365292,50.97789773629268,0.10150023654290202,0.5020551554045175,1.9149630118238197,0.942899956999729,1,0.0,,,1
KIC_2987027,2987027,158.21661192564736,394.74605076504844,5.758916000270243,2776.0066810527323,2.4000000000000004,253,1029,1.0957210996035447,0.04583181599955734,0.0,1.0,1361.1517246788835,227.22858704382782,12.216802107374354,0.05268782289156321,0.006336259510006812,0.5244137471731484,3.232348463343984,1,0.0,,,1
KIC_2989404,2989404,15.99261338930231,1096.4011553609603,378.3834886942735,40246.91927019272,4.800000000000001,3,10,1.0,0.0,0.0,0.05555555555555555,1023.0382304925079,116.08188687030513,346.7114496093556,0.20061634846191553,0.23178986193855156,1.0,1.0,1,0.0,,,1
KIC_2991562,2991562,21.802912944567044,1212.5609640626371,371.2935739526256,69955.86163956161,9.600000000000001,3,5,1.0,0.0,2.670942041231929e-05,0.058823529411764705,1542.6322128945897,129.028333565455,542.1744178698052,0.26449170429251956,0.25561729300629427,1.154746712741365,1.1547467127413655,0,0.0,,,0
KIC_3003576,3003576,9.371688899039226,844.5357619382296,255.21953517094846,26929.85443452468,4.800000000000001,5,13,1.0,0.0,0.0004730926526487952,0.13333333333333333,975.3276065388712,114.99332945650939,234.1862311649093,0.1641031822803101,0.3574683099408769,1.0,1.8993537905914446,0,1.0,7.34004,254.6,1
KIC_3098810,3098810,17.383467411310416,265.86998814433167,95.74581513235347,3166.2744338726156,4.800000000000001,15,115,0.37298762161505095,0.024593866809287965,0.0,0.7777777777777778,720.0270047006582,127.7958699912197,24.776030978858365,0.05626965819935834,0.5124331367483359,2.1488403088228107,1.0046556243190623,1,0.0,,,1
KIC_3440118,3440118,15.541773755137092,139.4797401451829,58.04210243138516,1998.4831084485459,4.800000000000001,25,200,0.0,0.5219960208537282,0.0,0.8333333333333334,942.2769029906958,202.80219268207915,9.854346651870022,0.04470439696996869,0.4881512326732835,2.192616948987108,1.0422411661014856,1,0.0,,,1
KIC_3446746,3446746,20.276799789752168,199.39943783682472,115.93538362061105,3261.892505733963,4.800000000000001,12,99,0.0,0.12906548348423863,0.0,0.6111111111111112,750.6617012225253,162.86177679186102,20.028594615559758,0.05711298018606596,0.4913044881493945,1.808282492399498,0.8689005943045677,1,0.0,,,1
KIC_3533508,3533508,15.967917434373199,234.06129772835496,278.12774405230226,11953.467226062043,4.800000000000001,5,12,1.0,0.0,0.0,0.058823529411764705,591.3823212022188,176.92957739208387,67.56059332902053,0.10933191311809212,0.28622517261160724,1.218733699065641,1.218733699065641,0,1.0,21.34636,1374.6,1
KIC_3541946,3541946,7.451427929226512,490.1928258170984,285.24523328354275,15670.514878241782,4.800000000000001,5,31,0.0001643627613459114,5.167396697589766,0.0,0.23529411764705882,1004.6971624532645,178.04195107626822,88.01585684448588,0.1251819271230547,0.47645221311455005,1.9402912340052918,2.1525050680034843,1,0.0,,,1
KIC_3543138,3543138,27.52013957687997,361.17199045700943,95.74581513235347,6744.97392528901,4.800000000000001,15,123,1.0704464238965476,0.001910213764615036,0.016682610081254122,0.8235294117647058,1335.5324452090188,207.25375031684416,32.54452049710786,0.08212779021311245,0.5157369006050858,2.098659726556886,0.821457126042775,0,1.0,11.7323,1024.4,1
KIC_3557114,3557114,15.134293022621392,216.88299364615122,139.15043023352266,7001.327151576707,4.800000000000001,10,53,0.0,6.428782807939853,0.0,0.42857142857142855,1106.4351467182523,235.04470780612147,29.78721459813428,0.08367393352518279,0.47223790201143334,2.222419968421029,0.9169840776726534,0,0.0,,,0
KIC_3654361,3654361,21.585914301300555,631.3699664611567,295.2782642414548,16706.01312196982,4.800000000000001,4,18,1.0,8.85813303992608,0.002398324979057285,0.13333333333333333,646.2291966589473,112.27537329872682,148.79499066568022,0.12925174320669652,0.45400476103509435,1.8226023340871098,1.8226023340871098,0,1.0,12.48774,214.8,1
KIC_3735720,3735720,16.064016746582087,268.16452278716076,355.53206160859565,14088.24178915801,4.800000000000001,4,23,1.054400007567225,0.20389194809631253,0.0017332944753236015,0.16666666666666666,1383.9446603054491,252.0481469336578,55.895042120131954,0.11869389954482922,0.45893369407793216,0.5756674698209846,0.9593870734373924,0,0.0,,,0
KIC_3847642,3847642,25.899995647044147,237.85774874682448,360.1317465987218,7588.519840093194,4.800000000000001,4,24,0.36247962964588015,4.818650975624705,0.0,0.17647058823529413,577.2170862528199,156.34540203275134,48.5368916605782,0.0871121107544364,0.4331195309193595,1.0870242942987245,0.803525596752956,0,0.0,,,0
KIC_3847809,3847809,20.85042160232934,239.58458426072897,193.6603362610316,9077.500169501653,4.800000000000001,7,44,10.0,1.7828321039068993,0.1329118425746762,0.29411764705882354,1068.2905640371398,251.4305972649914,36.10340295988146,0.09527591599927893,0.4035814246585648,0.6393795828782233,0.6424751973876676,0,1.0,32.56664,666.2,1
KIC_3851162,3851162,33.16016494203724,320.19046462438337,398.46410684474125,22539.961283610577,9.600000000000001,3,10,1.0,0.0,0.004726285840209772,0.058823529411764705,983.5331899139268,222.6587242669723,101.23098188860862,0.15013314518656623,0.252059873136983,1.0,1.0157776260503144,0,1.0,126.78174,137.2,1
KIC_3854725,3854725,17.560750059021807,301.5431395758426,321.35598619100386,13371.53172799212,4.800000000000001,4,37,10.0,11.164475464953659,0.0,0.23529411764705882,1268.142426718904,269.8681655190499,49.54838486515827,0.11563533944254291,0.4427906908731822,1.9412650735678465,2.869374047568871,0,0.0,,,0
KIC_3859406,3859406,14.341096687996998,202.2095092355156,230.62813553271917,9827.673122765298,4.800000000000001,6,27,0.0,7.72263290198831,0.0,0.21428571428571427,972.6282755037826,252.63765452530737,38.9002705920104,0.09913462121158934,0.36844808099564436,1.51727850868358,1.4071798428652498,0,0.0,,,0
KIC_3953177,3953177,18.578921802965475,172.33790541867674,92.75499712479105,5206.759472066749,4.800000000000001,15,82,10.0,2.6616865115740787,0.0,0.47058823529411764,859.7062363619696,273.7823077166074,19.01788145293989,0.07215787879411886,0.3475474505388949,0.8124922334979029,0.868907951847143,0,0.0,,,0
KIC_4048898,4048898,22.716079461883155,323.01500772513896,360.1317465987218,4518.930047772059,4.800000000000001,4,25,0.31457937492507326,5.171462611621135,0.0007193637273217451,0.16666666666666666,329.07460543417704,69.97598022852148,64.57830291214971,0.0672229874951423,0.42519856943623613,1.1588473857792276,1.4534031361498134,1,0.0,,,1
KIC_4068696,4068696,12.621563731125974,206.2011122504062,306.0550629567612,8449.82970545973,4.800000000000001,4,16,1.0,0.0,0.0,0.13333333333333333,527.753225325861,163.92149951409175,51.54802591793841,0.09192295526939791,0.45662503387453046,1.0,1.7891273637751846,0,1.0,320.83758,117.1,1
KIC_4168758,4168758,12.757977538763532,63.23929855210715,3.7768290941810254,189.05521077699035,19.200000000000003,386,9846,0.8839152699136147,0.5455959671848428,0.5118140700595342,1.0,794.7765685320724,298.85185480132947,0.6326051109927705,0.01374973493479021,0.0931291699268233,0.5923662640756758,0.5496768306551376,0,1.0,226.45542,125.9,1
KIC_4176763,4176763,11.686920962026692,215.60401739173875,396.64774624373956,19647.39862338993,4.800000000000001,3,8,1.0,0.0,0.0,0.07142857142857142,746.2738444688194,257.75674892276584,76.22457493548335,0.140169178578566,0.26304636424716166,1.0,1.1825487521410223,0,0.0,,,0
KIC_4245449,4245449,339.8604651041754,102.0063965315152,4.12539021331209,1047.1229095170868,9.600000000000001,356,5713,1.0048939388556133,0.1216079568239982,0.9787773718440321,1.0,1051.2487830600817,832.0249161398522,1.2585234999634067,0.032359278569169106,0.007483062504226563,0.49816345508025267,0.30985310160476875,0,1.0,362.37188,354.1,1
KIC_4263324,4263324,16.287574391801666,0.0,235.3422447936835,67241.28800712642,2.4000000000000004,6,3,1.0,0.0,0.0,0.05555555555555555,1305.612109038565,80.40634184425963,836.2684642135216,0.25930925168054925,0.15379313041935502,1.0073526145232514,1.630525195795001,0,0.0,,,0
KIC_4274340,4274340,9.298138080939935,235.47571064223686,95.74581513235347,3147.499632221484,4.800000000000001,15,69,0.009971354090650673,0.2030274840602887,0.43278746418608816,0.6,568.4229918128589,111.0368925451797,28.346431173231913,0.05610258133296082,0.532693834675763,1.857919956960819,0.970843095208694,0,1.0,137.58804,443.3,1
KIC_4364882,4364882,9.782517289590018,237.56114909413958,358.59851826867975,16693.52275465854,2.4000000000000004,4,10,1.0,0.0,0.0007705029309274324,0.11764705882352941,866.2688453616533,222.2302016715121,75.11815508917167,0.12920341618803483,0.43244810377381865,1.1147210548492388,2.458248252000933,0,1.0,235.2761,212.7,1
KIC_4370718,4370718,10.45309502392382,579.8317385158563,190.82056998077502,16218.330892340937,2.4000000000000004,7,9,1.0,0.0,0.0006581006039330636,0.13333333333333333,536.3091585159665,83.92505499368406,193.2477839134151,0.12735121080045111,0.2120171885922468,0.9006454122447323,2.0364556043516924,0,1.0,234.04208,153.1,1
KIC_4383803,4383803,15.28846459975009,329.9871627482123,177.3000110967812,7685.530220574901,4.800000000000001,8,10,1.0,0.0,0.0,0.06666666666666667,261.7068788859319,73.67293523884945,104.31958758882384,0.08766715588277574,0.127885132922645,1.0,1.0,0,0.0,,,0
KIC_4490159,4490159,22.96812886908715,319.8860567511601,328.6975287136881,15489.242330842098,4.800000000000001,4,37,0.0026511912526686653,12.814729035518747,0.0,0.23529411764705882,1063.363495618565,294.80240744543914,52.541098510902714,0.12445578464194462,0.5110625117503313,1.8509170776254673,0.793770470626052,0,1.0,178.38392,261.0,1
KIC_4543158,4543158,18.359132830367574,520.6456229392471,378.43359409880816,12314.490566077253,9.600000000000001,3,11,1.0,0.0,0.0009102787972560304,0.05555555555555555,355.18778045002693,78.45714856909976,156.95817131604625,0.11097067435172796,0.15927943058069755,1.0,1.1046966487578909,0,0.0,,,0
KIC_4545738,4545738,38.37059663000843,134.83774094505296,73.54025146422505,1897.7440153506764,4.800000000000001,19,179,1.0,0.0010407277179708561,0.0,0.9411764705882353,633.758899326789,188.43028086594114,10.071332519537174,0.04356310383054307,0.5378236181931155,0.6751638626782565,1.272111778196245,0,1.0,6.46126,179.3,1
KIC_4546746,4546746,18.31807749279901,168.17450167491975,193.67330791689824,6191.375938171474,4.800000000000001,7,43,10.0,3.5940197436447967,0.0,0.29411764705882354,727.4816290812536,241.47431725608834,25.639894165661502,0.07868529683601298,0.3850546006352501,0.5964956225608263,0.8223182947459802,0,1.0,211.58108,870.6,1
KIC_4742888,4742888,39.47617197200823,205.60358601840062,398.4106844741235,9323.888855423029,4.800000000000001,3,9,1.0,0.0,0.006380497716539352,0.058823529411764705,347.3410335875497,136.05369558521244,68.53094886778243,0.09656028611920653,0.4634162593929703,1.0,1.0,0,0.0,,,0
KIC_4820550,4820550,17.308927068672812,245.15879333230953,311.55680914026124,7123.807529210933,4.800000000000001,4,39,10.0,7.7575091241073775,0.014332511486686838,0.23529411764705882,739.7820600726254,181.5443024136451,39.240050139273876,0.08440265119776116,0.5873571552225121,1.7767506580999595,2.749087194866294,1,0.0,,,1
KIC_4831185,4831185,18.391925773138997,918.5413330266464,92.76119463236628,6040.486644906681,9.600000000000001,15,139,7.772630066406683,0.016931290252482377,0.0,0.4444444444444444,1624.6907851554668,77.63266445096947,77.80857049833291,0.07772056770834013,0.3962590146903919,0.8007460644713191,1.127867344913521,0,0.0,,,0
KIC_4831267,4831267,17.403021658821977,355.20658264093447,92.75499712479105,5851.391034549187,4.800000000000001,15,81,10.0,2.2486191004415756,0.0,0.5294117647058824,698.521518017656,148.39560030655073,39.431027755954865,0.0764943856407069,0.4094782236714887,1.5158765042466307,0.6371337246258131,0,1.0,6.36315,210.4,1
KIC_4845295,4845295,22.44910431597455,314.9005609577076,396.80801335559266,21863.32819294802,19.200000000000003,3,8,1.0,0.0,0.00024092382877174035,0.07142857142857142,817.2234250908822,196.42731428128084,111.3049286090634,0.1478625314031517,0.16190894333850753,1.0,1.1094274584283765,0,0.0,397.20259,162.7,0
KIC_4935189,4935189,8.898533634636024,215.87267421777838,90.03865870315872,3906.9971886567955,4.800000000000001,16,93,1.0,5.17948691883466,0.0,0.6666666666666666,797.5507696458141,174.6792666268874,22.366691045263487,0.06250597722343676,0.481964327289268,2.5848593869571133,0.7262631478904527,0,1.0,9.32044,1976.7,1
KIC_4939472,4939472,13.253154756130012,173.46588497248933,93.07107001112816,5869.643752504853,4.800000000000001,15,64,7.249683288206208,0.16590711182221765,0.2022153078133582,0.42857142857142855,1100.8208100737886,270.81515827529523,21.67398527425894,0.07661360031028991,0.3796547214787788,1.3781860177094605,0.9277102785294586,0,0.0,,,0
KIC_5033073,5033073,12.700013679177921,157.57107968391875,191.4940697313024,3816.4901301569516,4.800000000000001,7,52,1.0,5.888842556711319,0.3550367350049407,0.35294117647058826,500.5013674082455,174.723566470745,21.843018702322386,0.061777747855979274,0.4695326427941078,1.9747556779588198,0.7867971284547318,0,0.0,,,0
KIC_5036291,5036291,164.43333861605805,182.10298800960885,6.035441681643855,1397.9377720972966,2.4000000000000004,241,976,0.9741938404714212,1.468846594047199,1.762419380685039e-05,1.0,703.0713827967647,244.45891856694243,5.71849773488418,0.037389006032486294,0.463748586291061,0.5221623501205863,0.3471370480798095,0,1.0,6.03562,1595.4,1
KIC_5084184,5084184,20.540002913773584,435.0259163276671,275.84613827664765,11506.155182697818,4.800000000000001,5,21,10.0,11.758832687032793,0.0,0.17647058823529413,616.1449015265878,121.23940169723717,94.90442068850973,0.10726674779584686,0.31816622891717283,1.5312741644414527,1.0111862618527938,0,1.0,16.69223,111.6,1
KIC_5095635,5095635,16.852422436032185,329.92022942470095,95.73942120834049,7022.570554602219,4.800000000000001,15,121,0.0,0.06475496855502136,0.0,0.8235294117647058,1376.10210580011,234.19300253544554,29.98625270001114,0.08380077896178662,0.5116526627086768,1.950174992799114,0.9232178681930664,1,0.0,,,1
KIC_5096839,5096839,17.83515836105204,220.17262891190765,231.32365984991063,7097.962316685661,4.800000000000001,6,55,1.0,6.696821698926696,0.0,0.35294117647058826,1067.3847254403759,239.2230190998183,29.67090016418513,0.08424940543817304,0.4540387173951121,1.934960349482375,1.1959190438227734,0,0.0,,,0
KIC_5192450,5192450,25.339613659303396,364.295396391293,295.25819571498306,11018.612303817166,4.800000000000001,4,16,10.0,8.710070930308326,0.00395884322781467,0.13333333333333333,478.88842019601697,121.02177083255509,91.04653012442236,0.10496957799199332,0.3498847238177214,1.6266501076834021,1.6266501076834021,0,0.0,,,0
KIC_5212312,5212312,13.411115258520086,140.9062734166622,153.60925213520116,4183.549496461521,4.800000000000001,9,59,0.18765760456162578,0.16130227114131895,0.0,0.4117647058823529,748.6935012719385,228.16282903047684,18.335806556390057,0.06468036407180715,0.47156703082745943,1.6990761990496543,3.972983255518381,0,1.0,377.79551,154.7,1
KIC_5296040,5296040,12.690088492727355,537.2499903135162,331.1489154155089,25927.878802970594,4.800000000000001,4,19,0.0,9.033459875532674,0.00257444869630944,0.11764705882352941,1068.9494531675036,210.405488042195,123.2281488673479,0.1610213613250447,0.34030601185259224,1.9186761279936342,1.9186761279936342,0,1.0,356.73597,140.5,1
KIC_5297117,5297117,25.187791820396285,805.1217464798424,92.74260210964057,11809.193752070543,4.800000000000001,15,79,1.0,0.06810914710537723,0.447743371365239,0.5294117647058824,1332.4212719757052,130.38551653273578,90.57136149861874,0.10867011434645012,0.40704577523691504,1.4813555785013075,1.15460235320082,0,1.0,394.9052,319.4,1
KIC_5341188,5341188,20.847649480523057,743.5085968053298,124.5101895136779,19229.040812524912,4.800000000000001,11,55,1.0,2.787903130069897,0.0,0.46153846153846156,1838.052018278791,191.85245873691233,100.22827405560507,0.13866881701566836,0.44610317218129597,1.5254412164053155,2.03027811483273,0,0.0,,,0
KIC_5350800,5350800,13.89842018545732,86.30942891039587,115.93538362061105,1172.518494327605,4.800000000000001,12,96,0.0,0.14735710047691758,0.9257863726439294,0.6111111111111112,334.8168018390883,133.1442530613127,8.806377048716193,0.0342420573904023,0.5099306294040166,1.7888909435239215,1.7202543737452123,0,1.0,246.07806,1534.2,1
KIC_5364578,5364578,25.20351868581881,562.4892383226032,399.559265442404,42541.92694383147,4.800000000000001,3,9,1.0,0.0,0.0,0.058823529411764705,2298.1097061356572,226.92558029792886,187.4708302518319,0.2062569439893636,0.2010583722539364,1.1405499187009371,1.2002946770454277,0,0.0,,,0
KIC_5396984,5396984,36.2346266342947,364.6903729147989,360.1789228550308,20130.909114562884,4.800000000000001,4,22,0.5315396735054868,2.9645898716430223,0.004181529075760353,0.17647058823529413,1133.901364800598,258.98650452134245,77.72956800111545,0.1418834349547645,0.3692760545914533,0.9113017135939672,0.5513601486702241,0,0.0,,,0
KIC_5427752,5427752,11.110538099486009,150.2732998235511,246.06360234664882,8967.014098094292,4.800000000000001,5,13,0.0,11.748001921048852,0.0063736411311602886,0.15384615384615385,507.8798533865004,215.20315196026107,41.66767083295379,0.09469431924933139,0.34835951231669093,1.8998734237922439,1.0,0,1.0,48.47885,996.2,1
KIC_5559280,5559280,13.646403509181848,118.42593598940844,140.1881774363026,1621.640956467033,4.800000000000001,10,57,0.251605710438294,0.20368321146311968,0.0,0.4444444444444444,382.2615312103211,103.42149896914175,15.679921221707373,0.04026960338104949,0.372323040374163,2.054883421304857,2.114428765295574,0,0.0,,,0
KIC_5698009,5698009,14.594073161711899,39.38926168240747,92.7302070944901,730.0602058344139,9.600000000000001,15,146,10.0,5.690490770950373,0.0,0.5294117647058824,299.7229453064657,224.1121116774318,3.257566939912651,0.027019626308193344,0.4177451833138775,1.83958168002804,0.9742715861069653,0,0.0,,,0
KIC_5716763,5716763,10.434977209210448,0.0,394.991652754591,5532.508461210827,1.2000000000000002,3,3,1.0,0.0,0.0,0.06666666666666667,160.98773517225408,84.01710657041767,65.84978568113195,0.0743808339642063,0.31328633889402996,1.3808602260269005,1.5734174252064719,1,0.0,,,1
KIC_5736909,5736909,23.399302454841433,269.1096196764481,186.01945950395148,9966.14312898622,4.800000000000001,7,36,1.58713309657989,1.2750643308523693,0.004533564251109999,0.23529411764705882,805.0803452460309,222.29059116605248,44.83385048691264,0.09983057211589152,0.4471264281201754,0.7063782065549847,1.833073144262359,0,1.0,307.85473,422.2,1
KIC_5807846,5807846,20.77924584479638,284.60501138438894,360.1789228550308,7529.9003274815095,4.800000000000001,4,24,0.024439568405721417,7.791814370915752,0.0016431803607522963,0.16666666666666666,396.20848026780675,129.63616139079906,58.08487575300841,0.08677499828569005,0.3938644749534792,1.3492639831659723,0.7190340295568814,0,1.0,131.24503,160.7,1
KIC_5809890,5809890,19.907845193352564,78.07699410978461,153.61957013702386,2646.9813695443613,2.4000000000000004,9,33,0.0,3.4651075712625974,0.0,0.4117647058823529,343.66039063588744,194.78941164399745,13.588938675897117,0.05144882281981154,0.42228352660271656,1.6608051194385043,4.14471050613841,1,0.0,,,1
KIC_5859725,5859725,10.251411542065565,96.28597145960978,297.78683005041813,4333.959121518672,2.4000000000000004,4,6,1.0,0.0,0.0,0.07142857142857142,175.3264365303403,110.27226755790454,39.30234879084977,0.06583281189132568,0.249350444725836,0.9017362055257004,1.2057042166898397,1,0.0,,,1
KIC_5894197,5894197,19.061401426879357,266.9805945417396,231.33911594584822,3781.871852887991,4.800000000000001,6,48,10.0,6.945971694880984,0.01833198615514464,0.35294117647058826,432.7372643129667,98.16170532146336,38.52695753912369,0.06149692555638851,0.4264932714087712,1.7709327624896407,1.0078947582118583,0,0.0,,,0
KIC_5938255,5938255,23.59901396763338,302.9648277335766,249.0095697636081,14328.674417551645,4.800000000000001,5,38,10.0,1.6918964651212098,0.140400685997932,0.3076923076923077,1260.3688839263325,291.7127499578372,49.119122903001816,0.11970244115117973,0.6376147802946002,0.9469880818235396,2.123089065983926,0,0.0,,,0
KIC_5941160,5941160,32.29688075639996,86.72106977904578,111.83631378181514,1853.1105497998694,4.800000000000001,12,82,3.2162897108374584,0.07642947354284184,0.0,0.6923076923076923,425.0531243833956,193.50211800026432,9.576693882995835,0.043047770555510415,0.4822893177939932,0.5168769468405706,0.7481428884291587,1,0.0,,,1
KIC_5944707,5944707,25.705801035582315,173.01091713476092,124.50542132073589,5898.221458239995,4.800000000000001,11,60,1.0,0.2333727758686162,0.07651337036019924,0.5384615384615384,668.8315206986574,264.2027871536263,22.324599682630712,0.07679987928532177,0.42545209828363034,1.6329973875397346,2.5029830930902235,0,0.0,,,0
KIC_5991815,5991815,15.000737753755185,114.89710191024218,137.03716969744931,2788.215279237673,4.800000000000001,10,105,7.923116672497606,0.17757905657737244,0.27825022978472974,0.6470588235294118,658.467200204778,248.8033522809766,11.206502057451814,0.052803553661071645,0.5305714709899106,2.1203754780664053,0.7384633378277071,0,0.0,,,0
KIC_6026138,6026138,194.68844066433462,146.0451360960272,11.635582267604947,874.9396479414564,4.800000000000001,122,731,0.9764826871104959,0.604435525473923,0.0,1.0,313.499112344037,164.64921377318646,5.313961894447519,0.02957937876192562,0.44802125848467944,0.5101289740945032,0.38226170862663655,0,1.0,11.63597,1296.8,1
KIC_6035124,6035124,7.956753522720754,485.9378015749441,399.50584307178633,25404.68670214243,4.800000000000001,3,9,1.0,0.0,0.0015596295539015998,0.058823529411764705,760.1524851849649,156.86739083050557,161.95008132437204,0.15938847731922917,0.24134327169263828,1.0,1.0,1,0.0,,,1
KIC_6047482,6047482,22.160025996087892,201.82782265409668,92.7302070944901,2588.7876090196446,9.600000000000001,15,168,1.0,5.8639414738949505,0.13381120884099132,0.5294117647058824,515.6703102855215,166.3210980444387,15.564998304231711,0.05088012980545199,0.42672476648356666,1.8566820979331735,0.7488522352527709,0,0.0,,,0
KIC_6107308,6107308,13.319695784296968,92.40138448429438,247.33572464033577,1767.6320527377864,4.800000000000001,5,45,0.051493644480539245,2.2884924587404285,0.022408834593555752,0.35714285714285715,216.82289650232272,128.36619289348894,13.77023040797407,0.04204321648896272,0.605914445317529,0.8409406877664922,2.4646994817457473,0,0.0,,,0
KIC_6141529,6141529,11.199675302341001,337.03762446917875,246.51554052993234,9252.519348851569,4.800000000000001,5,23,0.0,4.443550959898748,0.09540189727940415,0.16666666666666666,482.81875968504,131.6642563191598,70.2735853109827,0.09619001688767691,0.465447792532194,1.6469248733033863,1.3551813512253823,0,0.0,,,0
KIC_6187121,6187121,10.434624536894146,366.66710875949263,246.14729460281242,13126.924083320951,4.800000000000001,5,15,0.0029107860597138856,10.11057882733576,0.001467791575177245,0.14285714285714285,737.7335435773974,138.66532765418404,94.66623203788943,0.11457278945421967,0.35145785827220055,1.8655453512129359,1.0,0,0.0,,,0
KIC_6188427,6188427,13.402818292524726,65.55390602007418,217.27458532339105,2312.960205221552,4.800000000000001,6,19,0.8003634468483638,0.8178360595660249,0.00621159959701349,0.25,243.9841772905215,153.83732744293818,15.035103922222532,0.048093244902185084,0.31954292749047525,0.8083827397057175,1.4489645591271254,0,0.0,,,0
KIC_6208985,6208985,34.97784052788728,207.3806490495538,373.0222104090698,9614.611211607422,9.600000000000001,3,21,0.9408745265715611,0.3577193027397302,0.0,0.11764705882352941,538.4624683366643,212.52308367157528,45.24031481900319,0.09805412388883714,0.3843995419020124,0.8846135315844227,0.8846135315844227,0,0.0,,,0
KIC_6265665,6265665,13.743894070541831,133.27122223642345,202.37142560224206,3804.0368055864596,4.800000000000001,7,31,10.0,4.706272662402177,0.052315541996642435,0.2857142857142857,449.343962042754,158.95889510008817,23.930946444936314,0.061676874155443866,0.31362618911720136,0.5679324093797544,0.9069898861186525,1,0.0,,,1
KIC_6266423,6266423,29.018450451056417,376.21089265956783,124.50542132073589,11298.221212573426,4.800000000000001,11,62,1.0,0.10416586093738872,0.0,0.5384615384615384,1197.2263192624916,236.65978215887796,47.740351611532105,0.10629309108579647,0.4283972132711706,1.7287164693633716,2.4770971893357907,0,1.0,10.14797,642.6,1
KIC_6268648,6268648,10.078506092248556,1473.974158537414,280.9819923048738,28951.33195160119,4.800000000000001,5,8,1.0,0.0,0.0,0.07142857142857142,768.5589570436908,55.56774110641216,521.0096969059697,0.17015090934697114,0.2370384506244501,1.0,1.0,1,0.0,,,1
KIC_6272284,6272284,8.545377489157802,200.08820782567403,201.5940791546822,6123.919044285639,4.800000000000001,7,43,0.00021738236917294117,4.484865249034873,0.4238871302591887,0.29411764705882354,598.1909932100937,200.67777959243386,30.516179004586355,0.07825547293503272,0.44390920536717776,2.527916273251046,2.412564173743288,0,1.0,153.41858,457.0,1
KIC_6289257,6289257,18.04170454370929,108.0877248525644,140.20689852299657,1152.5695705134337,4.800000000000001,10,75,1.0,2.3575439923559256,0.8458509766645632,0.5,240.86933931186329,92.32748521750747,12.483493596713705,0.033949515026189016,0.4521791238754496,2.1086751560792134,0.984233951857931,1,0.0,,,1
KIC_6304294,6304294,20.81921672233007,166.33461083735835,46.79972503191594,1840.9925261886451,4.800000000000001,31,243,0.08603089375893311,0.10063336157224417,0.0,1.0,767.7317471477935,172.6131208586376,10.665426342046938,0.042906788812362144,0.48053471356672495,2.2675898928752,1.2420356704807316,0,0.0,,,0
KIC_6305665,6305665,15.039199200668962,148.70286111585042,170.00449332674592,3283.8896873786134,4.800000000000001,8,59,0.03877228109210441,3.1032715058826863,0.0,0.4117647058823529,582.5209558102229,169.7349245351857,19.347165566376233,0.05730523263523684,0.4310165645342491,1.495786868945296,2.1881282605179306,0,0.0,,,0
KIC_6372346,6372346,43.199356461365795,236.07431252047544,370.96788882315064,8849.202152483867,9.600000000000001,3,35,0.8511273444428805,1.0837615293618574,0.0,0.23529411764705882,476.30217230436796,221.98191983365817,39.864517610781114,0.09407019800385172,0.5204047858095419,0.6262610332490024,0.49222275862861387,0,0.0,,,0
KIC_6374248,6374248,40.52379502976236,106.72831598740476,277.26986028065613,3206.3589110976454,4.800000000000001,5,34,0.02998162669154063,5.138883379862368,0.0,0.29411764705882354,321.1431235053976,175.24358638040854,18.296583500279826,0.056624719964849676,0.413252506108903,0.9503711824068306,0.8931219000475458,0,0.0,,,0
KIC_6381240,6381240,31.82142225674964,491.73617178692984,399.559265442404,35019.75290677984,4.800000000000001,3,9,1.0,0.0,0.0008868751006861405,0.058823529411764705,864.8500618092407,213.7203064807014,163.85786396924368,0.18713565375625202,0.19084686909896537,1.0,1.0017399464317067,0,1.0,9.68695,110.4,1
KIC_6422390,6422390,12.831214591481759,68.2052692324421,93.0772675187034,712.6993435801915,4.800000000000001,15,70,1.818751998686723,0.16151226084901024,0.063043497026003,0.5,158.90303772214102,87.49137521943187,8.145938291548315,0.026696429416313176,0.4551164849193991,0.5722178072199936,0.6480169240349667,0,0.0,,,0
KIC_6431254,6431254,9.17491678732867,63.76329476805319,145.97834718709748,828.0519802972309,4.800000000000001,10,87,1.9772168459986184,0.05658417452934486,0.08526359674774009,0.5555555555555556,229.29399845801217,121.17711276901962,6.833402458396685,0.028775892345802776,0.5308419812291258,0.9798919264970044,1.7055552252666744,0,1.0,250.802,109.6,1
KIC_6508221,6508221,22.524677492476055,354.8936096332977,92.75499712479105,7605.048274610256,4.800000000000001,15,91,10.0,1.3507377439184143,0.0,0.5294117647058824,933.2356265713096,204.5235080127267,37.18422565946319,0.08720692790489902,0.44363735429630485,1.7581696744501243,0.6815948480066654,1,0.0,,,1
KIC_6582949,6582949,10.527558716638714,0.0,310.6486957497829,13125.067548789135,1.2000000000000002,4,3,1.0,0.0,0.0,0.08333333333333333,465.48867778464836,190.45438060604707,68.91449546617781,0.11456468718060175,0.36158240767842326,1.0,1.6254705520993158,0,1.0,297.53489,154.0,1
KIC_6584971,6584971,8.821486663798021,248.38364083403246,358.5513420123708,13253.035480524859,4.800000000000001,3,12,1.0,0.0,0.0,0.15384615384615385,556.4234729575529,184.9016784694323,71.67612317113624,0.11512182886197066,0.32995230824838545,1.0,1.4993109934069457,0,1.0,5.74841,828.3,1
KIC_6627290,6627290,9.287227797767116,0.0,349.23403139134604,6683.945676062193,1.2000000000000002,4,4,1.0,0.0,0.0,0.058823529411764705,212.71434343252497,129.76873920668808,51.506593320725685,0.0817554015100054,0.5415650344631655,1.3339834488400995,2.219771037230933,0,1.0,35.01433,528.0,1
KIC_6634112,6634112,1807.086892223179,1593.549386203224,9.941933034469368,16725.176254513863,2.4000000000000004,146,513,1.0736729923700612,1.3998947159780049,0.0019302128491915677,0.9411764705882353,2160.067497060644,240.1278962294798,69.6511172468289,0.12932585300130003,0.5014791650470932,0.4969878106356916,0.3623835246797144,1,0.0,,,1
KIC_6664842,6664842,16.654899348422337,328.5980021627561,398.4106844741235,34473.100445065866,4.800000000000001,3,9,1.0,0.0,0.0021893544227088845,0.058823529411764705,1143.8099718498179,314.8193856711788,109.50119978021996,0.18566933092211504,0.23157400828733912,1.2382359101667817,1.2382359101667817,1,0.0,,,1
KIC_6665695,6665695,41.51705398060205,446.36682651150045,360.1789228550308,21484.15727659851,4.800000000000001,4,26,0.24297250019662767,4.717783064578065,0.0,0.17647058823529413,1242.2550325924692,245.49821120021718,87.51247991406751,0.14657474979203788,0.44394083482291663,0.9333329215096318,0.5325067157371906,1,0.0,,,1
KIC_6697817,6697817,15.278438874065571,125.39707208757721,125.26507631055425,2854.1333631480156,4.800000000000001,11,78,0.05154836220492054,0.4956586253257564,0.0,0.5294117647058824,546.3776566142806,201.09824774413661,14.192731140946668,0.053424089726901436,0.4518105110025151,1.8478602437212235,2.7676895226788822,1,0.0,,,1
KIC_6768394,6768394,25.569649377224646,89.20232812474259,245.32699209561838,2804.1167796374184,4.800000000000001,5,33,10.0,4.023815199840239,0.0012188409989234816,0.23529411764705882,314.9380927680548,180.7247043627963,15.515957209747521,0.052953911844522104,0.476228375032915,1.0331052827536495,1.9818587835453907,1,0.0,,,1
KIC_6779260,6779260,10.854287086076672,268.93662333480694,349.91808710782635,8153.005297172127,4.800000000000001,4,20,1.0,0.0,0.006153659883724027,0.16666666666666666,676.0676706137417,135.60132407284542,60.12482070449629,0.09029399369377858,0.30347252672665465,0.9756138963355194,1.6185482505662125,1,0.0,,,1
KIC_6841696,6841696,14.97232796997485,74.76006411644761,145.29122858419282,1848.625541801924,4.800000000000001,9,68,10.0,0.36283176643875253,0.0,0.6153846153846154,433.44165593750535,204.04552109648344,9.059868267962603,0.04299564561443314,0.51254941046024,0.5366296678808152,1.0471070429882225,0,1.0,18.28932,394.4,1
KIC_6842313,6842313,11.530330142989051,160.76920177591106,360.2968634958033,7958.040391626845,4.800000000000001,3,17,0.00338904876354597,8.000664591637726,0.0,0.15384615384615385,467.06989640358546,204.10713459740325,38.98952580625808,0.08920784938348668,0.3445420165091346,1.9198121322912407,1.0172134580022656,0,0.0,,,0
KIC_6851708,6851708,12.870451357952303,175.20617764516774,320.3000403881221,3386.7619226595034,4.800000000000001,4,43,10.0,3.4708517038853905,0.27158150070951004,0.2777777777777778,435.9766427796349,126.80149603164057,26.709163761083783,0.05819589266141987,0.5265887989800382,1.2069028581065242,0.7273945919215828,0,0.0,,,0
KIC_6853029,6853029,8.964279618957718,140.18129966969656,278.7665936694856,3564.7036305351,4.800000000000001,5,32,0.0,4.378313879790118,0.011744182154189164,0.23529411764705882,417.9348024764307,143.88717212671065,24.77429765174572,0.05970513906302455,0.42299023083812315,1.2768550190495385,1.9113049341199846,0,0.0,,,0
KIC_6946708,6946708,25.109050402127718,67.12884696927468,58.634923107976086,1082.06954241811,4.800000000000001,24,196,0.7331629683375929,0.050323927176971824,0.17598597343039818,0.9411764705882353,515.9485502125235,225.81236705883393,4.791896726082252,0.03289482546568852,0.51423325439353,1.2417767059168412,1.026782867268047,1,0.0,,,1
KIC_6949061,6949061,16.07801168520051,154.3045015267506,370.96788882315064,4988.656977538708,9.600000000000001,3,34,1.1023670235705967,0.727390508526563,0.005808978188266146,0.23529411764705882,380.452732427874,188.64831719728048,26.44421668666029,0.07063042529631765,0.5220370605969873,0.5161468932987798,0.5460659290226423,1,0.0,,,1
KIC_6949198,6949198,30.35662886405494,125.68238546935687,160.23462778171623,2398.326712855072,4.800000000000001,9,84,1.5840007435747667,0.03759451870648336,0.2893766120397829,0.5294117647058824,506.30385376920515,175.01902256360808,13.703234526883703,0.048972713962522764,0.5175619617593755,0.5744365695394271,0.7840569437890276,0,0.0,,,0
KIC_7044893,7044893,24.4241550498837,622.6333620949846,360.15533472687633,24770.038456341983,4.800000000000001,4,24,0.47304401462978013,3.508896101028943,0.0,0.17647058823529413,2278.9117140634444,194.96215681539667,127.05049462391784,0.15738500073495562,0.42003803756033736,1.1030631547164915,1.1898978338341737,0,0.0,,,0
KIC_7116234,7116234,58.8894286533282,298.0908426756117,185.47932835388863,9369.82292267771,4.800000000000001,7,45,0.0,12.41016265536814,0.00048352799428996084,0.35294117647058826,640.5071221125885,210.9500853510481,44.41725115723522,0.09679784565101493,0.5526361312980665,1.731460698187991,0.7306981284479293,0,0.0,,,0
KIC_7135676,7135676,11.891512033159161,129.76633018128655,231.86462320772623,1184.9704505719199,4.800000000000001,6,52,1.0,6.42584390759319,0.0,0.3333333333333333,141.21731928066725,65.87580251961826,17.987947095126888,0.034423399753248075,0.5308115564272907,1.860457229119826,1.2342038928147125,0,1.0,37.19758,413.0,1
KIC_7204360,7204360,25.32713636093793,141.440902796449,123.6630387749611,3296.3543051444212,4.800000000000001,11,101,0.7281908506914275,0.03145782538780184,0.0,0.7058823529411765,587.0870952957774,234.3320048991113,14.067025571533113,0.05741388599584966,0.5323376155789309,0.8154142119188701,3.647737551689223,0,0.0,,,0
KIC_7205717,7205717,21.92331763168184,142.14262020770045,92.73640460206533,2840.8270770649738,4.800000000000001,15,88,1.0,6.846156412332905,0.11828640006151131,0.5294117647058824,444.6435654416362,187.57001787886995,15.145422009286898,0.05329940972529596,0.4375546980197428,1.7857041004886665,0.6515315223081273,1,0.0,,,1
KIC_7213876,7213876,30.52896307990716,109.69571001987583,321.9684347566753,8717.891171339688,4.800000000000001,4,35,10.0,13.626314994571562,0.004088925744358454,0.23529411764705882,850.8766434531087,470.41865709175147,18.532196884443152,0.09336964801979115,0.47180381746084255,1.9386853969235944,1.457195508358742,0,1.0,61.77708,245.9,1
KIC_7256715,7256715,27.351838940951904,239.51401653210146,398.4908180300501,22861.903787017036,9.600000000000001,3,10,1.0,0.0,0.0,0.058823529411764705,911.3796491214052,301.90577364773236,75.72529505080816,0.1512015336794473,0.15253533394173416,1.0493629834053502,1.132810515001597,0,0.0,,,0
KIC_7335881,7335881,13.394550747616274,0.0,215.40827351315346,21068.35476189588,1.2000000000000002,6,4,1.0,0.0,0.0,0.05555555555555555,627.233881289853,169.75653493873727,124.10924132905488,0.14514942218932833,0.22566039054114792,1.9725443098750224,1.165563967385695,0,1.0,200.34132,832.6,1
KIC_7345813,7345813,53.4183604577908,187.16690863290265,185.49189598124602,4915.143907097495,4.800000000000001,7,49,0.0,12.637760122386931,0.005266732769715402,0.35294117647058826,411.68629538442156,183.9252567056631,26.72359411172787,0.07010808731592594,0.5506619038421973,1.8570573889340694,0.6128636024831987,0,0.0,,,0
KIC_7352971,7352971,14.1848897980017,89.6168085167695,263.1044487642201,2915.1049581760094,4.800000000000001,5,43,6.0565854121314375,0.22646442589696894,0.8080745767275401,0.29411764705882354,493.36959484259296,213.32640051029804,13.66499857121663,0.05399171193966727,0.465473228875644,0.8823810330583329,2.738943305859359,0,0.0,,,0
KIC_7373610,7373610,36.23067266531123,239.27488348916737,360.15533472687633,9820.953418734382,4.800000000000001,4,24,0.4216192100579479,3.9379319618308783,0.0,0.17647058823529413,597.6215256822904,201.09793915140293,48.83666864104642,0.09910072360348526,0.4332596334939741,0.9779308449476397,0.6758393947751424,0,1.0,22.38845,511.0,1
KIC_7421448,7421448,18.096931613167357,395.0340009347181,193.91976937836446,12529.221282761093,4.800000000000001,7,39,10.0,3.617810352628668,0.0,0.29411764705882354,1040.8298827843469,198.0514403587948,63.26245979359126,0.11193400413976573,0.3846537479105521,0.9083137405792933,0.8574838052446602,0,1.0,124.96978,1336.5,1
KIC_7524239,7524239,36.917248032656,154.49879566363268,185.48318718826442,4783.626349963545,9.600000000000001,7,63,0.016604716566232813,10.817900528841912,0.009771796334524895,0.4166666666666667,665.0248664767727,246.10381914206934,19.437432408158127,0.06916376471797603,0.5715732595824443,1.4946399579570822,0.6047632488641771,0,1.0,142.22344,577.0,1
KIC_7582689,7582689,10.67003410987293,381.7044970222066,398.4106844741235,10823.058465040285,4.800000000000001,3,9,1.0,0.0,0.003094635547887172,0.05555555555555555,400.71809909596186,85.06393504619965,127.23439680003166,0.10403392939344494,0.30811474063642263,1.173483128980054,1.2670323484769506,1,0.0,,,1
KIC_7585207,7585207,31.685943437240137,817.455602605221,398.3839732888147,16356.541306747074,4.800000000000001,3,9,1.0,0.0,0.0,0.05555555555555555,351.81629683912547,60.035885360500856,272.4460746856656,0.12789269450108193,0.21487577040034997,1.0,1.0,0,0.0,,,0
KIC_7597226,7597226,17.92760208429823,202.83841815673148,370.96788882315064,8071.4842990831,9.600000000000001,3,35,0.8547648152501995,1.1715352661969727,0.0,0.23529411764705882,597.1776586489208,235.60217592914177,34.25895481334871,0.08984143976519467,0.5161233811622656,0.6125790709791668,0.5583218475402718,0,1.0,272.83101,155.2,1
KIC_7610110,7610110,29.50242892288218,175.49219928224218,92.75499712479105,3778.9683935621542,4.800000000000001,15,86,1.0,5.883905470397929,0.0,0.5294117647058824,566.834747240518,199.8139095177134,18.91243909237035,0.06147331448329555,0.43019048488306527,1.690656320333356,0.801404159263054,0,0.0,,,0
KIC_7708458,7708458,22.430956162629656,131.80132705262366,144.6675471322748,1879.8982277913938,4.800000000000001,10,71,0.851008172684843,0.012673802980063771,0.0,0.5,368.7846430240317,120.20878708302389,15.6386090685119,0.043357793160992336,0.45838324961228505,0.8483362771740959,0.775542946544028,0,0.0,,,0
KIC_7761918,7761918,12.572528254568873,202.22745039764249,92.74879961721581,2350.5474796556164,4.800000000000001,15,57,4.5337924843498065,0.10303923370751965,0.03582701126748366,0.3888888888888889,312.0242667459406,87.76571417466982,26.782069761064065,0.04848244506680347,0.368922847299854,1.8297499272858462,1.4868867276539977,1,0.0,,,1
KIC_7763491,7763491,16.694190277360416,1100.373431343859,347.9602724710034,48390.261400607975,19.200000000000003,4,8,1.0,0.0,0.0,0.05555555555555555,1140.6877052848445,124.41214931309258,388.9512532962534,0.2199778657060932,0.17491045856630366,1.0,1.0,0,0.0,,,0
KIC_7766199,7766199,8.70798869186503,134.61755439992615,263.4013176872607,4084.9048039944346,2.4000000000000004,5,15,1.0,0.0,0.0,0.2222222222222222,225.7946797268055,117.553526323281,34.74931745357124,0.06391326000130516,0.38777639175259687,1.2532060645783483,3.365020647206104,0,1.0,325.77894,122.6,1
KIC_7808587,7808587,24.86039519730324,84.70926198907611,70.18020946839006,1116.5879518520035,4.800000000000001,20,169,1.1001243218780354,0.0037530183907917543,0.0,0.9411764705882353,479.5566714337789,171.385560478734,6.515064330583164,0.03341538495741151,0.4897864131383987,1.6845602633343915,0.7392502545799708,1,0.0,,,1
KIC_7904473,7904473,14.770155920970897,152.07896707991827,147.97099113552105,3014.7250805204712,4.800000000000001,9,71,0.2642076502393087,0.028355540280887867,0.5262991651945916,0.47058823529411764,505.1264151155344,167.10035896854947,18.041403975008116,0.05490651218681142,0.4981216574745251,0.6604732266443496,0.9349522390345687,0,0.0,,,0
KIC_7950097,7950097,19.171631567580924,69.33333932629259,136.49483488843723,1209.1225618719243,4.800000000000001,10,84,1.0,5.043386612845926,3.4706827754047485,0.5882352941176471,369.05282824142427,159.85286321436178,7.563971877378873,0.03477243968823477,0.44714646951630216,2.499605553762948,1.2552806976945545,0,1.0,58.72841,267.8,1
KIC_8041825,8041825,14.932379103137155,81.07881901641522,147.35258439290683,1595.6264696628657,4.800000000000001,9,87,2.112544006857371,0.08548809027131118,0.0,0.5882352941176471,282.11822378588874,183.62498555665226,8.689593438636816,0.03994529346071782,0.4934971050187174,0.7186553340789061,1.2413167863702657,0,0.0,,,0
KIC_8052298,8052298,20.754522897631105,174.53130824572636,193.64736460516497,6696.6432322253295,4.800000000000001,7,42,10.0,2.4752055173022147,0.0,0.29411764705882354,714.2637760322642,248.81619050047505,26.914017205856,0.08183302042711933,0.38882718951708795,0.6709297704583164,0.9285167733769955,0,1.0,288.02267,620.0,1
KIC_8081187,8081187,13.13781064196054,276.27654269097496,277.19684889583516,6247.590052103132,4.800000000000001,5,41,0.08268730876640344,1.0751599305180977,0.0,0.2777777777777778,584.9725908704196,144.93047866443717,43.10749615730177,0.07904169818585081,0.4536996787918335,0.7363067534058632,1.8548996415724466,1,0.0,,,1
KIC_8081899,8081899,16.591739414332693,90.30282185932181,311.55680914026124,2301.5512885535218,4.800000000000001,4,39,10.0,6.5925081808742885,0.0,0.23529411764705882,301.8652302249421,159.2367633965061,14.453642735896135,0.04797448580812015,0.5804888467871484,1.5726283695157306,2.475277686688634,1,0.0,,,1
KIC_8115701,8115701,27.35113350951029,362.7486632235953,92.75499712479105,8320.07234836312,4.800000000000001,13,83,0.0,7.869179951382434,0.33746358892328515,0.5714285714285714,1109.9443886191978,209.0294677780076,39.803346565466846,0.09121443059276926,0.44572930796219223,1.8942620091044067,0.612284798421366,0,0.0,,,0
KIC_8146482,8146482,19.145993926534768,258.404053841491,98.95882560082516,4161.038803138408,4.800000000000001,14,107,0.09053681807834212,0.058536829871266995,0.0,0.7647058823529411,885.4304821237237,166.57570892579628,24.979865491624636,0.06450611446319185,0.5079765305018059,1.8667163467710035,0.7971666921378977,0,1.0,103.9175,387.3,1
KIC_8165946,8165946,19.68659223739009,143.97217514688492,320.3000403881221,3790.8885085012216,4.800000000000001,4,44,10.0,2.9729530091182355,0.21573584694711437,0.29411764705882354,551.2808519755159,174.723691285719,21.696476766291102,0.06157019172051701,0.5369937411695879,0.9274980770306546,1.1278431551706887,1,0.0,,,1
KIC_8171971,8171971,8.302938783574668,213.92486236950927,291.20994711916927,7803.6444984195405,4.800000000000001,5,16,0.003561473492846961,8.543220193979852,0.009119115536917516,0.1111111111111111,406.8825580289454,145.96627390719667,53.46196960114903,0.08833823916300086,0.411829680324296,1.6225756778147025,1.6225756778147025,0,0.0,,,0
KIC_8263104,8263104,24.539545180206144,336.11445276104865,399.53255425709517,32943.901011217444,4.800000000000001,3,9,1.0,0.0,0.0,0.058823529411764705,1138.954899662851,294.05825768797456,112.03188534897137,0.1815045481832823,0.21655673255855926,1.0,1.0,0,0.0,,,0
KIC_8265428,8265428,12.215007472593312,213.0897559808158,97.24849061652614,3887.847623678889,4.800000000000001,15,104,0.0,0.03861764111446644,0.0,0.6111111111111112,1016.9443718308859,186.0400622839738,20.897905407838614,0.062352607192313045,0.42534728822521045,0.9390770575635383,1.6357250139949937,0,0.0,,,0
KIC_8299361,8299361,54.22784356419615,110.63623280404424,3.5691346897515133,271.41188468786237,2.4000000000000004,411,1586,1.0545646140166227,0.15340765232019954,0.0,1.0,327.9033151742696,98.60176452883418,2.752606771134336,0.016474582989801666,0.02591555474491375,0.5688905373117606,2.812401415479593,0,1.0,10.70709,901.6,1
KIC_8301878,8301878,16.62415465867063,127.20911613746654,232.03464026303968,4638.895750948208,4.800000000000001,6,34,0.038305703663633055,6.66772250000167,0.006914463538992069,0.23529411764705882,548.8903528115173,212.74958832949483,21.804487554465872,0.0681094395142715,0.3738083420966245,0.8499924903627946,0.9273591183392897,1,0.0,,,1
KIC_8315206,8315206,38.06949599427445,406.5706956614613,360.1317465987218,14448.573600532995,4.800000000000001,4,24,0.38004673224391616,4.483417845388688,0.0,0.17647058823529413,547.8791843857282,174.157233747408,82.96281061450905,0.12020221961566681,0.4197959263150445,1.0001740084803965,0.7133421056159588,0,1.0,102.19887,354.9,1
KIC_8315266,8315266,15.336066947363223,102.16932825396383,352.7014862300565,2677.764281474669,4.800000000000001,4,37,0.0,6.36817397101153,0.16495333582056165,0.23529411764705882,294.89100520700146,159.45334718480996,16.79340276482927,0.0517471185813729,0.6215460309513053,2.066219807110303,2.1484824852700055,0,0.0,,,0
KIC_8360304,8360304,10.59397799757302,156.72388551842812,155.7661650079588,1968.8914127127337,9.600000000000001,9,95,1.1955321108152268,0.01394585249832156,0.0,0.3333333333333333,489.2095507260448,122.49349857893432,16.07343602357792,0.044372191885377193,0.4525932640633562,0.7267849093941832,0.9521695396661065,0,0.0,,,0
KIC_8360415,8360415,9.517333244248157,174.7306016280154,265.91597209419314,6977.7402860291395,4.800000000000001,5,26,10.0,5.847900615259378,0.003042278220304929,0.17647058823529413,766.7245331671633,203.7198564589859,34.25164540813399,0.0835328694947632,0.3748743239575732,1.2748641740945315,1.5503826596642556,0,0.0,,,0
KIC_8460007,8460007,13.258122051752485,142.4681788140618,139.15957854753162,5349.101788120841,4.800000000000001,10,58,0.0,7.2037342097847805,0.0,0.4117647058823529,951.885692126815,285.98730069624844,18.703983621294448,0.07313755388390318,0.44189212940752765,2.4515666942423464,1.0388328480947642,0,1.0,172.90524,1872.0,1
KIC_8481242,8481242,29.228187470723796,127.41971546520398,360.1789228550308,5262.462304150726,4.800000000000001,4,25,0.22241380903725702,5.197211857284368,0.0,0.17647058823529413,350.5043486786913,206.59048708266982,25.47291687271585,0.07254283082531812,0.4205432973522619,0.9862997160372008,0.8307845441208519,0,0.0,,,0
KIC_8493800,8493800,14.862797835971444,82.6632454900879,92.74352391922828,420.17942200926177,4.800000000000001,15,81,10.0,5.592530667632429,0.1498938378335066,0.5,95.893449161327,45.775545698281746,9.179124259463144,0.02049827851331086,0.4609016738735921,1.734298781454359,0.6477643557915778,0,0.0,,,0
KIC_8494617,8494617,16.517272297039735,149.51265228056477,232.09646464679003,3196.6166957785895,4.800000000000001,6,53,0.0020830536231183326,6.279111546382989,0.0,0.35294117647058826,487.6407495440673,155.67912395562152,20.53336770246619,0.05653863011940234,0.5136730299088588,1.8439811551791565,1.2557864889888908,1,0.0,,,1
KIC_8520426,8520426,25.730523563639938,165.19048940630987,138.40031365702615,12047.650808297114,4.800000000000001,10,83,1.0,8.590993301517702,0.0,0.5294117647058824,2457.452631510133,664.9224235437748,18.118881814945986,0.10976179120393906,0.43527983485753285,2.4319448491840046,1.8831327034836338,0,1.0,6.43819,196.5,1
KIC_8523328,8523328,37.16055052211639,546.4240620491287,399.53255425709517,28645.07149267613,4.800000000000001,3,9,1.0,0.0,0.002493263128370872,0.058823529411764705,792.8076873607406,157.2878763717159,182.11875036687312,0.16924854945516113,0.2284886088688815,1.0,1.0,0,0.0,,,0
KIC_8540081,8540081,16.24599131052439,277.5651517796751,399.7729549248748,11070.012624013327,4.800000000000001,3,17,1.0,8.583874769791235,0.0012544066429339145,0.1111111111111111,573.8709890065472,164.45675598959974,67.3126048084847,0.1052141274925251,0.3794306196424912,1.7233841459703687,1.7233841459703687,0,0.0,,,0
KIC_8559152,8559152,23.475092236458213,106.37828047049553,76.53670591336437,1448.140860707663,4.800000000000001,19,119,0.5571457793717537,0.09457210286973011,0.12834849749257465,0.6470588235294118,475.033483235148,148.66672586478197,9.740853928704949,0.0380544460044771,0.4771612930091587,1.0900916772133324,1.3567503058663972,1,0.0,,,1
KIC_8564420,8564420,20.226232091097426,55.024600993136744,52.477824771815726,811.1429911670604,4.800000000000001,27,237,10.0,0.18429491549960866,0.12253098427051146,0.9411764705882353,453.10713762607895,226.99605754751636,3.573379202840412,0.02848057217064047,0.5005081340217452,0.9900005183159997,0.4756776885373041,0,1.0,6.6937,236.1,1
KIC_8572665,8572665,18.776256742599244,148.17892776033085,399.7729549248748,7183.277603212335,4.800000000000001,3,18,10.0,8.693519215411566,0.0008925939474468879,0.11764705882352941,407.87326882508677,205.72108131509268,34.91755709863331,0.08475421879300366,0.38488241196847667,1.8072997073980612,1.807795288653914,0,0.0,,,0
KIC_8607778,8607778,23.31548271403285,171.6403817042989,398.46410684474125,10060.210266576143,9.600000000000001,3,10,1.0,0.0,0.002078180775831752,0.058823529411764705,468.0258298705811,185.38987410410004,54.265155069511174,0.10030059953248606,0.22857375588419312,1.0504452957006105,1.0504452957006105,0,0.0,,,0
KIC_8609667,8609667,35.1818377942581,186.13108432475272,360.1789228550308,6971.927859835878,4.800000000000001,4,26,0.2641298915369054,4.595410705110632,0.00720595964323706,0.17647058823529413,499.801412045006,191.07360211399674,36.488179333513294,0.0834980709946995,0.4186760772217874,0.9611821202729799,0.5508402122458556,0,1.0,13.99024,163.6,1
KIC_8631504,8631504,17.156168070797808,150.6709280854897,232.1428329346028,4219.987457068078,4.800000000000001,6,46,10.0,6.798045077304694,0.06565913074804644,0.29411764705882354,495.7444583534859,190.10027461315744,22.198744665969038,0.06496143053434152,0.4997669621886999,2.2600220638622104,1.1084467858784448,1,0.0,,,1
KIC_8648352,8648352,21.70910846490757,177.11704848005752,92.73640460206533,10757.369128999388,9.600000000000001,15,150,0.019455727972900773,3.0000261071276038,0.0,0.5625,2008.1068336109706,744.8028106712467,14.443244540530678,0.10371773777420806,0.3903060245607776,1.593860706835155,0.6745258071550314,0,0.0,,,0
KIC_8742834,8742834,21.17413511203531,53.520371748716535,139.60782374878877,1141.11142823575,4.800000000000001,10,63,0.0,1.2711685034661073,0.054727070398009794,0.4117647058823529,257.6301750994788,169.22703008244383,6.743080154983661,0.033780340854345295,0.47907233302982405,1.8461478267541513,0.79149660574432,0,1.0,70.55872,174.6,1
KIC_8751783,8751783,19.048806462245604,169.86882622606151,103.95696023052119,3768.708830813393,4.800000000000001,14,110,1.0381124141138702,0.004914085576946602,0.16733209979890618,0.7058823529411765,1100.6119422854256,232.76377292185649,16.191131392592716,0.06138981048035083,0.5238428393533655,1.594430748079215,0.8242525145875815,0,0.0,,,0
KIC_8802165,8802165,13.413750510390292,345.77691636034166,285.2643509560928,10096.546820118429,4.800000000000001,5,34,0.0,6.689610301626083,0.007806805154544083,0.23529411764705882,681.7395192266508,170.31841667007998,59.280417335467746,0.10048157453045024,0.48008619184599216,2.008645925838423,1.8982959920518792,1,0.0,,,1
KIC_8826303,8826303,23.345262791015035,70.13417741794349,91.83648560570934,987.6652704971702,4.800000000000001,15,129,0.12729826318022097,0.5826636607949564,0.0,0.75,308.20481305286347,160.0697471635144,6.170218220487665,0.03142714225788228,0.47759642206427033,2.050879226685618,0.5664539198424474,0,0.0,,,0
KIC_8837813,8837813,10.965563189893393,91.39379995953894,95.74581513235347,1686.9665099404453,4.800000000000001,15,119,0.7176473256619862,0.022919264251463026,0.0,0.7647058823529411,509.54465318230405,201.40787891666002,8.375871485337921,0.0410726978653758,0.4973097297119394,2.126513541235232,1.0891797850266378,0,1.0,10.09531,204.3,1
KIC_8888956,8888956,19.574800077475146,83.84381281434268,132.6393265595113,1615.0705123516898,2.4000000000000004,11,40,0.8177075524195613,0.005555928892044836,0.0,0.5,313.3411791545013,121.82701715455279,13.257079998131868,0.04018793988688261,0.5166336470035389,0.6873413633038429,1.369980957459995,0,0.0,,,0
KIC_8894646,8894646,35.817950149512676,130.38869465710894,185.48318718826442,2335.5851346318145,9.600000000000001,7,92,0.010389348490117578,9.548305451719061,0.0040076814469487045,0.4117647058823529,334.90669007215905,171.9459784427713,13.583249551888567,0.04832789189103757,0.6205918467905192,1.6337768342251648,0.6012080805878667,1,0.0,,,1
KIC_8972058,8972058,11.416739667101806,326.6569563936934,291.2481824642694,11441.198129380113,4.800000000000001,5,19,0.0,11.033544985005163,0.0,0.1111111111111111,525.9688685983276,152.696915623124,74.92749989540384,0.10696353644761429,0.3097594288957687,2.1135858991630645,2.116757104360725,1,0.0,,,1
KIC_9003423,9003423,31.706131684013876,271.74260777903453,193.67330791689824,9315.595865684709,4.800000000000001,7,46,10.0,3.2241443179253286,0.0,0.29411764705882354,835.8571252870554,232.58513982040608,40.05241208822661,0.09651733453470786,0.39666179516319106,0.5461372238757645,0.7305087542880251,0,0.0,,,0
KIC_9052348,9052348,28.32358896838559,1149.5144826980218,92.74260210964057,40631.84420911809,4.800000000000001,15,82,8.675864071400659,0.01649770874545736,0.8346834843902686,0.5294117647058824,4157.658061587725,320.2963815499382,126.8570191536275,0.20157342138565315,0.4115903258774084,1.4614258724545721,1.2550211812498457,0,0.0,,,0
KIC_9076990,9076990,15.478351535404073,70.423712201224,138.1475789866572,1797.9967724077535,4.800000000000001,10,69,6.796627261730191,0.4342326778094328,0.0,0.5294117647058824,331.97136214272194,212.1500728161696,8.4751173946838,0.0424027920355223,0.44031537659631725,2.0295495871094325,3.5980164131145327,0,0.0,,,0
KIC_9088531,9088531,14.368284660926118,83.63049969910428,207.5776477310735,896.3471887095657,4.800000000000001,7,49,0.0,6.133716080718818,0.4666759009669425,0.3333333333333333,167.35250020365856,75.03761460382347,11.945304943953976,0.02993905791285968,0.5402737363727955,1.8279457568604027,1.7145529210847754,0,1.0,5.42133,224.1,1
KIC_9098185,9098185,13.633770109757922,103.67122707966523,231.95735978335173,4253.666154968302,4.800000000000001,6,26,0.0037263762251663747,9.417240998616801,0.07823368115072914,0.17647058823529413,376.4556001241406,209.28191272571522,20.325053892942748,0.06522013611583696,0.32860304684659875,2.5838795037953504,1.4320169829384402,0,1.0,259.3371,102.6,1
KIC_9146018,9146018,22.004583672745056,72.07406307674665,61.61243268924296,1182.3863936673522,4.800000000000001,23,159,0.7904357544945239,0.053158929159872935,0.25474359372281247,0.8235294117647058,407.3394397297631,207.08445440914912,5.709682057211503,0.03438584583324005,0.6002103867577573,1.1959694306062356,2.306209850195312,1,0.0,,,1
KIC_9222857,9222857,30.098012088960875,521.7804574360209,373.0222104090698,18689.316985331872,9.600000000000001,3,22,1.355024699045299,1.6615525513104956,0.0,0.11764705882352941,1067.155449860693,168.09954724957677,111.18005545597283,0.13670887676128377,0.42583432824074224,0.8447809549813742,0.8447809549813771,0,1.0,6.09274,158.1,1
KIC_9225385,9225385,20.83266701024291,108.43130547569753,310.5008633373795,3998.6491265059767,4.800000000000001,4,40,10.0,4.432711266203624,0.0,0.29411764705882354,548.7219310546442,233.30627161362676,17.139055452088527,0.06323487270886197,0.5318443662664488,1.1288734091811423,2.460479878717329,0,1.0,214.67059,245.1,1
KIC_9329967,9329967,25.599964231611988,58.68902478609924,230.859976971783,997.178694507328,4.800000000000001,6,49,10.0,7.014574264769683,0.0,0.3333333333333333,162.15927460952116,118.98889658356205,8.380434840044439,0.031578136336828495,0.4732814417136327,1.9278911131794583,0.8066413233879557,0,0.0,,,0
KIC_9395908,9395908,14.31495303178334,109.41564607587549,185.47099918108972,1552.0239606057135,4.800000000000001,7,48,0.0,11.383671609551932,0.0,0.3333333333333333,219.79310131480875,98.321459304592,15.785200622355163,0.039395735309874766,0.6180951130556568,1.78124602641854,0.9730799512341763,0,0.0,,,0
KIC_9413532,9413532,13.014769802114865,102.11603693901742,399.53255425709517,3577.1588792379566,4.800000000000001,3,9,1.0,0.0,0.0,0.05555555555555555,228.44612522713834,105.10333646296085,34.034684336577385,0.059809354445922225,0.2834949812094582,1.1132013560014313,1.252510431569969,0,1.0,292.97623,159.9,1
KIC_9417931,9417931,9.997617508680747,133.09864974170867,201.5404690548505,5232.214397062284,2.4000000000000004,7,11,1.0,0.0,0.03407808078502716,0.2,327.2738791785317,130.37941142107437,40.13067968349913,0.07233404728799768,0.25455538680895134,1.3434618623233356,2.4583625112369796,1,0.0,,,1
KIC_9519376,9519376,18.82369507337036,157.20558367772398,399.53255425709517,9635.81033380192,4.800000000000001,3,9,1.0,0.0,0.0005347398360276426,0.058823529411764705,498.94717657249527,183.89635091992275,52.398050780234406,0.09816216345314481,0.20258192445231596,1.0,1.0,0,0.0,,,0
KIC_9519499,9519499,29.76260578145567,81.04974989522098,61.61243268924296,617.8792174210082,4.800000000000001,23,163,0.657597674221428,0.1062122955948844,0.23879678197555657,0.7777777777777778,209.45012977848157,97.43807492582032,6.3412502544965115,0.024857176376672556,0.6682671797687932,1.0969965940516462,1.8749313013758104,0,1.0,113.40636,435.8,1
KIC_9521317,9521317,16.359782974751695,110.89310863265104,232.09646464679003,1599.6617644602932,4.800000000000001,6,52,0.014545915920332948,7.693173998996618,0.0,0.3333333333333333,241.63343706529926,104.0413003569904,15.375257315810874,0.039995771832286135,0.4935401382103219,2.0504774170147986,0.7744085905504928,1,0.0,,,1
KIC_9535182,9535182,13.515583577362305,102.35796789719275,277.2516074344509,3264.174668409279,4.800000000000001,5,32,10.0,7.881410743659211,0.0018626211813388648,0.23529411764705882,318.6822466515766,180.51184491663207,18.08288353551985,0.057132956062235035,0.4544190188077805,2.032875788195113,2.021425976115948,0,0.0,,,0
KIC_9597058,9597058,25.343208469595606,171.24845498747538,399.53255425709517,9171.123625908689,4.800000000000001,3,9,1.0,0.0,0.005308074211847354,0.05555555555555555,520.9808233480979,160.68612473054986,57.0747700916149,0.09576598365760511,0.22203052282643784,1.0,1.0,1,0.0,,,1
KIC_9703633,9703633,24.759641823278965,72.25555278074789,52.477824771815726,1105.9173404441406,4.800000000000001,27,236,2.712742357471669,0.04996211198226631,0.0,0.9411764705882353,534.541168446051,235.5867341494627,4.694310757508596,0.033255335518441856,0.5038765470678843,0.9806604866656738,0.4286208289039959,0,0.0,,,0
KIC_9705496,9705496,36.11536168828837,111.59083469545703,52.48133018745126,1456.7903302671016,4.800000000000001,27,240,1.8507550148598801,0.035061407549360844,0.0,0.9411764705882353,581.9056023602634,202.40361128909626,7.197452263765912,0.038167922792144475,0.5125110958602426,0.7283767478093424,0.4709133490865984,0,0.0,,,0
KIC_9753528,9753528,11.309140759041158,296.2866093812399,398.46410684474125,21434.056027380688,9.600000000000001,3,9,1.0,0.0,0.0,0.058823529411764705,734.6456804987637,217.0952272695991,98.73112503188689,0.14640374321505817,0.18212148698622846,1.0,1.0,0,1.0,33.48167,1862.1,1
KIC_9764678,9764678,33.673948178724125,84.96248451440003,52.477824771815726,1082.9033112272964,4.800000000000001,27,234,1.0,0.08682744604679475,2.810130946362897,0.9411764705882353,502.1918834584348,195.10196549324272,5.550447984927155,0.03290749627709918,0.5283387952394359,1.0847597345661297,0.5501437966672748,0,1.0,235.80061,174.6,1
KIC_9836563,9836563,25.796568247080724,168.01978967122827,373.87400228615826,3907.720349080575,4.800000000000001,3,16,0.8781569005439276,0.955655832080167,0.005587013275570415,0.11764705882352941,206.513658274512,93.04667561704125,41.99742036097942,0.06251176168594655,0.41255341455222044,0.7273144914562469,1.0068978744717951,1,0.0,,,1
KIC_9933041,9933041,10.336036555409121,99.37959213625064,244.65197924436114,5367.984626395171,2.4000000000000004,5,22,10.0,1.8787421359177565,0.35119878757144163,0.23529411764705882,591.5083731739124,253.35880704056098,21.187282530643564,0.07326653142052769,0.5926190029590146,0.6449580347031193,2.5097029594669134,0,1.0,5.59727,101.7,1
KIC_9943009,9943009,29.007445977621046,77.57406252376151,122.44299856861547,780.6019567509238,4.800000000000001,11,104,4.830174553257376,0.16657774670102224,0.0,0.7058823529411765,179.61355257542445,102.68118742640128,7.602190589297921,0.027939254763699833,0.47194624014059866,0.7913220270364886,3.1649844137252496,1,0.0,,,1
KIC_9957525,9957525,20.120932802393497,219.34201264041633,372.9721050045352,9977.706251229938,9.600000000000001,3,27,1.9209637363095595,3.185102838981888,0.0,0.11764705882352941,797.4096795216362,236.52901330739334,42.18385775052002,0.09988846906039724,0.43505034692028105,0.6255155420420435,0.7232821781212518,0,0.0,,,0
KIC_9967771,9967771,12.280560525712982,790.4642624602991,360.1789228550308,44462.86075429155,4.800000000000001,4,22,0.13719830843363864,7.306392983679792,0.0013327448633920482,0.21428571428571427,1699.628818387301,263.9586808645739,168.4462909446936,0.21086218426804637,0.36789462275835294,1.4806282168258385,0.9225468619603573,1,0.0,,,1
